{
  "mse": 1.2291732607085455,
  "rmse": 1.1086808651314162,
  "mae": 0.6794873400340005,
  "leaderboard_score": -122.91732607085454,
  "epoch": 9,
  "train_loss": 0.07046385711202255
}