{
  "rows": 180,
  "mse": 4.064319873314857,
  "rmse": 2.016015841533706,
  "mae": 1.2918490671122251,
  "max_abs_error": 4.9,
  "leaderboard_score": -406.4319873314857
}
