{
  "rows": 1448,
  "first_id": "nikluge-2022-nli-train-000001",
  "last_id": "nikluge-2022-nli-train-001887",
  "context_chars": {
    "min": 26.0,
    "mean": 154.1450276243094,
    "median": 140.0,
    "max": 463.0,
    "pstdev": 65.67653419436631
  },
  "prompt_chars": {
    "min": 6.0,
    "mean": 30.78660220994475,
    "median": 29.0,
    "max": 108.0,
    "pstdev": 13.337135567283765
  },
  "output": {
    "min": 1.0,
    "mean": 5.19589679770497,
    "median": 6.05,
    "max": 7.0,
    "pstdev": 1.8757242578929088
  },
  "top_outputs": [
    [
      6.5,
      65
    ],
    [
      6.75,
      58
    ],
    [
      6.25,
      55
    ],
    [
      6.0,
      42
    ],
    [
      6.15,
      40
    ],
    [
      6.45,
      39
    ],
    [
      6.625,
      32
    ],
    [
      6.3,
      30
    ],
    [
      6.4,
      30
    ],
    [
      6.375,
      29
    ],
    [
      6.875,
      28
    ],
    [
      6.35,
      27
    ],
    [
      6.55,
      27
    ],
    [
      5.75,
      26
    ],
    [
      6.65,
      26
    ],
    [
      6.7,
      25
    ],
    [
      7.0,
      23
    ],
    [
      1.25,
      23
    ],
    [
      6.2,
      23
    ],
    [
      6.05,
      23
    ]
  ]
}
